
insert into Classification values('Business Request')
insert into Classification values('Informational')
insert into Classification values('Business Error')
insert into Classification values('System Abend')
insert into Classification values('Data Imbalance')
insert into Classification values('M&s - Ba Request')
insert into Classification values('M&s - Dev Request')
insert into Classification values('Max Updates Pending')
insert into Classification values('Batch Failure')


insert into Functional_Area values('New Business')
insert into Functional_Area values('Existing Business')
insert into Functional_Area values('Commissions')
insert into Functional_Area values('Benefit Payments')
insert into Functional_Area values('Premiums')
insert into Functional_Area values('Fund Administration')
insert into Functional_Area values('Claims')
insert into Functional_Area values('Financials')
insert into Functional_Area values('Interface')
insert into Functional_Area values('Correspondence')
insert into Functional_Area values('Tax')
insert into Functional_Area values('Conversions & Transfers')


insert into Owner values('Balaji Avulapalli')
insert into Owner values('Vaswati Chakraborty')
insert into Owner values('Varsha Jain')
insert into Owner values('Shubham Rambhad')
insert into Owner values('Shradha Kaneri')
insert into Owner values('Shivani Mantoo')
insert into Owner values('Sarat Tej')
insert into Owner values('Reema Khare')
insert into Owner values('Ketaki Bankar')


insert into Sme_Name values('Ngp/abdullah Sauls')
insert into Sme_Name values('Ngp/adiella von Doorze')
insert into Sme_Name values('Ngp/aldred Hendricks')
insert into Sme_Name values('Ngp/aelinda Rawbone')
insert into Sme_Name values('Ngp/bevin Jaftha')
insert into Sme_Name values('Ngp/charl Roos')
insert into Sme_Name values('Ngp/dale Trow')
insert into Sme_Name values('Ngp/desmond Booth')
insert into Sme_Name values('Ngp/diane Dacre')
insert into Sme_Name values('Ngp/dmitry Makogon')
insert into Sme_Name values('Ngp/farahnaz Abrahams')
insert into Sme_Name values('Ngp/gail Morkel')
insert into Sme_Name values('Ngp/jacques van Wyk')
insert into Sme_Name values('Ngp/janine Buis')
insert into Sme_Name values('Ngp/jasmina Botha')
insert into Sme_Name values('Ngp/jed Brand')
insert into Sme_Name values('Ngp/mandy Deghaye')
insert into Sme_Name values('Ngp/mariana van der Mescht')
insert into Sme_Name values('Ngp/mary-Ann Mullord')
insert into Sme_Name values('Ngp/michele Weber')
insert into Sme_Name values('Ngp/tony Greenwood')
insert into Sme_Name values('M&s/angus Lillienfeldt')
insert into Sme_Name values('M&s/charl Du Toit')
insert into Sme_Name values('M&s/judy Broodryk')
insert into Sme_Name values('M&s/judy Douglas') 
insert into Sme_Name values('M&s/nico Naude')
insert into Sme_Name values('M&s/sharleen Van Der Merwe')
insert into Sme_Name values('Not Applicable')


insert into Reason_for_Help values('Solution Not Known')
insert into Reason_for_Help values('Confirmaion Of Solution')
insert into Reason_for_Help values('Standard Procedure')
insert into Reason_for_Help values('Not Applicable')


insert into RC_Category values('Business Request')
insert into RC_Category values('Max Updates Pending')
insert into RC_Category values('User Error')
insert into RC_Category values('Adhoc Request')
insert into RC_Category values('Duplicate Request')
insert into RC_Category values('N/a')
insert into RC_Category values('Corrupt Data')
insert into RC_Category values('Other Teams Ticket')
insert into RC_Category values('Function Did Not Work Correctly')
insert into RC_Category values('Enquiry')
insert into RC_Category values('Table Lock')
insert into RC_Category values('Unit Of Sale - Corrupt Data')


insert into Sub_Function values('Allocate Roles','New Business')
insert into Sub_Function values('Create/amend Client','New Business')
insert into Sub_Function values('Allocate Investment Portfolio’s','New Business')
insert into Sub_Function values('Capture Distribution Channel Details','New Business')
insert into Sub_Function values('Capture Remuneration Type Details','New Business')
insert into Sub_Function values('Direct Sales Campaigns (Activate)','New Business')
insert into Sub_Function values('Calculate Premium','New Business')
insert into Sub_Function values('Capture Payment Arrangement','New Business')
insert into Sub_Function values('Capture Underwriting Questions And Answers ','New Business')
insert into Sub_Function values('Capture Scheduled Increases (Premium/cover)','New Business')
insert into Sub_Function values('Capture Replacement Product Details','New Business')
insert into Sub_Function values('Capture Annuity Details','New Business')
insert into Sub_Function values('Special Offers','New Business')
insert into Sub_Function values('Capture Business Assurance Information','New Business')

insert into Sub_Function values('Premium Changes','Existing Business')
insert into Sub_Function values('Cover Changes','Existing Business')
insert into Sub_Function values('Waivers','Existing Business')
insert into Sub_Function values('Accelerators','Existing Business')
insert into Sub_Function values('Schedule Increases','Existing Business')
insert into Sub_Function values('Risk Attribute Changes','Existing Business')
insert into Sub_Function values('Annual Review Of Rates','Existing Business')
insert into Sub_Function values('Reinsurance','Existing Business')
insert into Sub_Function values('Payment Changes','Existing Business')
insert into Sub_Function values('Annuity Schedule Changes','Existing Business')
insert into Sub_Function values('Beneficiary Changes','Existing Business')
insert into Sub_Function values('Cessions','Existing Business')
insert into Sub_Function values('Cool- Off / Cancellation','Existing Business')
insert into Sub_Function values('Cover Revival','Existing Business')
insert into Sub_Function values('Premium Bridging','Existing Business')
insert into Sub_Function values('Reinstatement','Existing Business')
insert into Sub_Function values('Auto Paid Up / Lapse','Existing Business')
insert into Sub_Function values('Manual Paid Up / Lapse','Existing Business')
insert into Sub_Function values('New Business Reversal ','Existing Business')
insert into Sub_Function values('Error Correction','Existing Business')
insert into Sub_Function values('Missing Functionality Off Transactions','Existing Business')
insert into Sub_Function values('Trail Fees','Existing Business')
insert into Sub_Function values('Trail Fee Reversal','Existing Business')
insert into Sub_Function values('Stamp Duty Payment','Existing Business')
insert into Sub_Function values('Underwriting','Existing Business')
insert into Sub_Function values('Medical & Pathology ','Existing Business')
insert into Sub_Function values('Reassurance (Premium Calculation And Payment)','Existing Business')
insert into Sub_Function values('Premium Refund (Mexico)','Existing Business')
insert into Sub_Function values('Recode After Error Undo Or Missing Functionality ','Existing Business')
insert into Sub_Function values('Special Campaigns','Existing Business')
insert into Sub_Function values('Ad-hoc Investment','Existing Business')
insert into Sub_Function values('Scheduled Investment','Existing Business')
insert into Sub_Function values('Change Payer Details','Existing Business')
insert into Sub_Function values('Annuity Payee Changes','Existing Business')
insert into Sub_Function values('Switches','Existing Business')
insert into Sub_Function values('Phased Switches','Existing Business')
insert into Sub_Function values('Repayment Of Zero Interest Loans','Existing Business')
insert into Sub_Function values('Deferred Premium','Existing Business')
insert into Sub_Function values('Amend Investment Portfolio Allocations','Existing Business')
insert into Sub_Function values('Remuneration','Existing Business')


insert into Sub_Function values('Change Distribution Channel','Commissions')
insert into Sub_Function values('Change % Share','Commissions')
insert into Sub_Function values('Change Remuneration rate scaling','Commissions')
insert into Sub_Function values('Correct Remuneration payments','Commissions')
insert into Sub_Function values('Pay Remuneration ','Commissions')
insert into Sub_Function values('Pay Advance Remuneration','Commissions')
insert into Sub_Function values('Generate Pfa Advance Figures','Commissions')
insert into Sub_Function values('Manage Remuneration Feedback And Correction','Commissions')
insert into Sub_Function values('Pay Distribution Fee','Commissions')
insert into Sub_Function values('Reverse Remuneration Paid','Commissions')
insert into Sub_Function values('Reverse Distribution Fee Paid','Commissions')
insert into Sub_Function values('Claw - Back Remuneration Paid','Commissions')
insert into Sub_Function values('Generate Potential Puture Commission Details','Commissions')

insert into Sub_Function values('Disinvestments','Benefit Payments')
insert into Sub_Function values('Switch','Benefit Payments')
insert into Sub_Function values('Annuity Payments','Benefit Payments')
insert into Sub_Function values('Voluntary Termination','Benefit Payments')
insert into Sub_Function values('Optout','Benefit Payments')
insert into Sub_Function values('Section 14 Out','Benefit Payments')
insert into Sub_Function values('Directive 135a Out','Benefit Payments')
insert into Sub_Function values('Commutations','Benefit Payments')
insert into Sub_Function values('Divorce Order','Benefit Payments')
insert into Sub_Function values('Zero Interest Loans','Benefit Payments')
insert into Sub_Function values('Scheduled Zero Interest Loans','Benefit Payments')
insert into Sub_Function values('Scheduled Disinvestments','Benefit Payments')
insert into Sub_Function values('Annuity Product Terminations','Benefit Payments')

insert into Sub_Function values('Apply Premium ','Premiums')
insert into Sub_Function values('Apply Arrear Premiums','Premiums')
insert into Sub_Function values('Apply Missed Premiums','Premiums')
insert into Sub_Function values('Apply Double Debits','Premiums')
insert into Sub_Function values('Apply Catch - Up Premiums','Premiums')
insert into Sub_Function values('Apply Scheduled Increases (Premium / Cover)','Premiums')
insert into Sub_Function values('Apply S54 Rules','Premiums')
insert into Sub_Function values('Manage Grace Period','Premiums')
insert into Sub_Function values('Change Payment Arrangement','Premiums')

insert into Sub_Function values('Add, Amend, Remove Fund','Fund Administration')
insert into Sub_Function values('Product To Fund Management','Fund Administration')
insert into Sub_Function values('Buy Sell And Transfer Purchase Order ','Fund Administration')
insert into Sub_Function values('Apply Fund Split / Merge','Fund Administration')
insert into Sub_Function values('Unit Trust Dividend Distribution','Fund Administration')
insert into Sub_Function values('Fund Pricing','Fund Administration')
insert into Sub_Function values('Bonus Declaration','Fund Administration')
insert into Sub_Function values('Growth Accounting ','Fund Administration')

insert into Sub_Function values('Death On Risk','Claims')
insert into Sub_Function values('Death On Annuity','Claims')
insert into Sub_Function values('Death On Investment','Claims')
insert into Sub_Function values('Termination Annuity Product','Claims')
insert into Sub_Function values('Vesting On Ra Product','Claims')
insert into Sub_Function values('Death On Ra Product','Claims')
insert into Sub_Function values('Disability','Claims')

insert into Sub_Function values('Accounting','Financials')
insert into Sub_Function values('Offshore Treasury Flow Instruction','Financials')
insert into Sub_Function values('Capture Exchange Rates','Financials')
insert into Sub_Function values('Forex Dealings','Financials')
insert into Sub_Function values('Tax Clearance Certificates','Financials')
insert into Sub_Function values('Generate Bop And Mp1423 Forms','Financials')

insert into Sub_Function values('Disbursement Of Money','Interface')
insert into Sub_Function values('Valuations Feed','Interface')
insert into Sub_Function values('Enterprise Data Warehouse Feed','Interface')
insert into Sub_Function values('Marketing Feed','Interface')
insert into Sub_Function values('Distribution Channels','Interface')
insert into Sub_Function values('Client Administration','Interface')

insert into Sub_Function values('Policy Document','Correspondence')
insert into Sub_Function values('Annual Statement','Correspondence')
insert into Sub_Function values('Benefit Statement','Correspondence')
insert into Sub_Function values('Contractual Change Letters','Correspondence')

insert into Sub_Function values('Not Available','Tax')

insert into Sub_Function values('Na','Conversions & Transfers')









